sCustID,sCustName,sFirstName,sLastName,sMiddleName,sAddr1,sAddr2,sPlaceOfBirth,sCountryOfBirth,dtDateOfBirth,sPhone1,sEmail,sCity,sState,sCountry,sIndustryType,sOccupation,sEmployer,sBranchID,dtCreated,sCompanyAddress,sAcademicLevel,sLaborSituation
4410408d-29b4-4cea-8822-3b02ced4a623,David Chavez,Anna,Gonzalez,Donald,"972 Kristen Village
Pachecochester, AR 19843","PSC 9424, Box 2803
APO AA 52597",Baxterfurt,Micronesia,2012-06-04 00:00:00,575-515-3028x991,yward@example.net,South Samantha,Delaware,Oman,Artist,Contracting civil engineer,Dorsey-Watson,f1ec5b0c-d388-4fd6-82d5-d13f36189ef5,2024-01-18 01:01:00,"491 Sheila Drive Suite 563
West Linda, WI 02521",toward,firm
d9baf046-04cb-45e8-9d07-b7644fd42a6b,Matthew Mercer,Elizabeth,Zavala,Brian,"985 Theresa Alley
Port Lauraborough, WY 54208","Unit 8161 Box 8008
DPO AA 77851",North Megan,North Macedonia,1998-08-25 00:00:00,3403541108,nriley@example.com,South Stanleystad,California,Liberia,"Librarian, public","Engineer, production",Jones PLC,4c9cd886-2cea-4c00-bfc9-6b66bb1fed6b,2024-01-18 01:01:00,"965 Ray Crossing
West David, IA 09020",fast,interview
bdf8afce-d712-45d5-983f-88b2390b92a3,Joshua Jackson,Blake,Edwards,Cody,"8957 Angela Park Suite 545
West Victortown, NC 67467","Unit 3540 Box 8963
DPO AE 61373",Jameshaven,Norway,2014-10-30 00:00:00,001-983-755-2477x683,anthony15@example.net,Harriston,Nevada,Antigua and Barbuda,"Engineer, electrical","Surveyor, planning and development",Gonzalez-Scott,08ac4506-9377-412f-aaeb-816128598cab,2024-01-18 01:01:00,"USCGC Parker
FPO AE 86566",guess,expect
86117aec-1f6a-406d-b1a2-fcaa1110f32e,David Mcguire,Alexis,Kelley,Mark,"87947 Butler Shore Apt. 264
Terryfort, TX 94504","743 Gomez Well
Port Madison, AK 63531",Fullerville,Kuwait,1979-10-10 00:00:00,(338)277-3203,nathanielgardner@example.org,Rogersport,Washington,Kyrgyz Republic,Claims inspector/assessor,"Psychologist, clinical",Shields-Martin,7e3e6103-07c8-4eb4-9351-4f82ab6812cf,2024-01-18 01:01:00,"USS Evans
FPO AP 66010",his,seven
9aca20c6-df10-467b-bab0-a4446e8bd3d8,Samantha Jackson,Maria,Crane,James,"72584 Rebecca Walk
Peterborough, VI 46400","943 Stark Rue
West Melanie, GU 59602",Jeremyview,Taiwan,1936-11-17 00:00:00,341-596-0141x8629,ajones@example.net,Jacobsland,New Jersey,Wallis and Futuna,Proofreader,Retail banker,Moore and Sons,b3d8bbd9-faa7-4b88-b3de-24765ca01697,2024-01-18 01:01:00,"PSC 1092, Box 4541
APO AP 43956",green,less
bc190a70-4573-48ce-b7f2-1f790ffbe489,Marcus Garrett,Lauren,Miller,Robert,"4488 Nicholas Via Apt. 312
New Cheryl, MD 76790","051 Wallace Place
West Meagantown, WA 68785",Vargasfurt,Greece,1932-09-17 00:00:00,359-747-1886x7165,stanley87@example.com,Markchester,Nevada,Burundi,General practice doctor,Medical illustrator,Kelly PLC,62a88183-1fc4-44d6-a612-b6be1b253492,2024-01-18 01:01:00,"Unit 4165 Box 1375
DPO AA 83047",another,suffer
2a1ac91e-586d-417c-8de5-7c0ff61db3e1,Sara Logan,Henry,Robinson,April,"18705 Miller Parkway
Lake Christopher, NM 28838","Unit 7893 Box 4372
DPO AP 95174",Jacksonborough,Turks and Caicos Islands,2009-11-14 00:00:00,956-638-0498x707,upark@example.org,Washingtonport,Minnesota,Ghana,Event organiser,Information systems manager,Rodriguez and Sons,83254200-645c-4b16-9fee-4476b104edc5,2024-01-18 01:01:00,"06948 Jones Unions Apt. 707
Wheelerchester, WI 53953",table,hospital
b7c3a03c-8018-4fb8-91f1-05e0fae65701,David Sanchez,Kathy,James,Jennifer,"81023 Tammy Pines
Mathewsview, SD 40496","932 Caldwell Drive Apt. 984
East Melissa, IA 67794",South Regina,Mauritania,1936-10-17 00:00:00,001-341-822-4623x375,destinysellers@example.org,Laurahaven,California,United States of America,Charity officer,Physiological scientist,Richardson and Sons,0bc52d6b-ebe5-43ea-9bc0-509ae91a89a0,2024-01-18 01:01:00,"7223 Smith Lakes Suite 631
Susanmouth, MN 55465",provide,what
0420f4f3-070b-4b00-a577-064c4059b472,Aaron Hernandez,Calvin,Roberts,Samantha,"23403 Sean Junctions
Bryantborough, DC 82545","9248 Hamilton Lock Apt. 341
East Jasonmouth, WY 39606",East Daniel,French Southern Territories,1910-11-21 00:00:00,360-991-5725x9676,jasonarnold@example.org,Lisafurt,Rhode Island,Saint Lucia,Advertising copywriter,Learning disability nurse,Dunlap-Davis,662028ce-980f-4514-a602-a54d86a36446,2024-01-18 01:01:00,"00136 Kayla Dam Apt. 180
Julieview, MP 71290",parent,claim
7edddc0c-16db-48c5-839e-f5ef25de5fa5,Samantha Fisher,Matthew,Manning,David,"73818 James Meadow
Turnerhaven, AR 69132","086 Crystal Via Apt. 282
Lake Jeffreyton, GA 60181",East Eric,Uzbekistan,1980-10-28 00:00:00,392.540.3882,jenniferwhite@example.net,Mitchellview,Nevada,Haiti,Hotel manager,Psychiatrist,"Blackwell, Ortiz and Stewart",e489f67b-a228-485b-86e3-36afbdddfdf0,2024-01-18 01:01:00,"933 Nelson Field
Thomasfurt, IN 99198",officer,certainly
f711d16c-c965-4be6-a0a9-ca8f455dbf19,Rodney Delacruz,Anthony,Miller,Wesley,"323 Barron Lodge Apt. 724
North Stephenfort, TX 03315","USCGC Cardenas
FPO AA 62150",Hensonstad,Bosnia and Herzegovina,1984-03-17 00:00:00,(472)250-4132,leemarcia@example.com,North Jermaineville,Rhode Island,Saint Vincent and the Grenadines,Radio producer,Paediatric nurse,Flores-Chavez,841fdde0-84e2-45b8-baa2-190fafb8a876,2024-01-18 01:01:00,"94554 Randall Flats Suite 027
North Daniel, DE 68007",low,catch
85984093-763f-456b-8cc7-77f146914724,Nicole Meyers,Gina,Gilbert,Michael,"82219 Martin Isle Apt. 648
Timothyton, IL 64054","78205 Hodge Valley
Port Kristi, NC 09876",Andrewville,Somalia,1975-09-02 00:00:00,+1-249-735-9834x67013,danielrodriguez@example.org,Lake Karenberg,Oregon,Micronesia,"Scientist, water quality",Advice worker,"Pearson, Jackson and Hood",ef12bc68-1948-450e-88c9-ac763bc13c64,2024-01-18 01:01:00,"7000 Howard Shores Suite 865
New Christopherfurt, OH 85589",sign,gun
c01336ea-de76-4a69-8751-0f6e98b20acd,Jackson Wallace,Matthew,Crawford,Nicholas,"49542 Howard Ports
Port Maryland, NJ 97848","PSC 1465, Box 9011
APO AA 16518",Ashleyview,Cambodia,1909-05-07 00:00:00,+1-929-375-2074,smithmary@example.net,New Nicholas,New Mexico,Cuba,Town planner,Metallurgist,Lang Group,01437fa2-c05a-4c13-a8ad-60336abf218f,2024-01-18 01:01:00,"89332 Carlos Parks
Adamsbury, MO 98450",wear,read
089c456c-f666-4498-bcc0-a24a94f4d938,Denise Chan,Carl,Roman,Rebecca,"29034 Phillips Lake
South Richardchester, ID 15907","21572 Hernandez Spur Suite 256
Smithborough, PA 43469",Robinville,Mexico,2011-10-24 00:00:00,(539)254-7112,sarahenderson@example.org,South Linda,Pennsylvania,Gabon,Television camera operator,Copy,Gordon-Rivera,58784962-0bfc-40e1-9d75-f9a01c645a47,2024-01-18 01:01:00,"463 Jeffery Avenue Apt. 838
East Diane, AZ 62072",effect,good
4bf8ccb0-abdd-4633-91d3-2f7fa378655d,John Smith,Tiffany,Hughes,William,"132 Lindsey Forge
South Joshua, WY 55972","77750 Kelsey Loaf
Robertshire, SD 84445",Josephtown,Bermuda,1928-03-17 00:00:00,214.600.7227x891,gspencer@example.org,Danielleville,Illinois,Bosnia and Herzegovina,Dancer,Field seismologist,Washington-Young,db9129f8-1ce0-4350-a24d-b7a14cd485fa,2024-01-18 01:01:00,"51049 Smith Keys Apt. 692
South Richardstad, GU 08521",result,improve
8de6d790-6c01-4174-a2bb-eec623707b01,Lisa Valencia,Laura,Combs,Samuel,"USS Smith
FPO AE 63896","39878 Skinner Village
Lake Frank, AK 32047",Thomaston,Congo,1987-11-18 00:00:00,+1-402-581-1486x2675,williamskevin@example.net,Jonesberg,New Mexico,Equatorial Guinea,Stage manager,Technical brewer,"Burke, Baker and Stephenson",9fe1475c-fd56-4b36-8f97-dc4758142390,2024-01-18 01:01:00,"97632 Mitchell Alley
Stephenton, MO 04858",could,individual
adcc7292-49ac-41e9-bbc0-9438faddf9e8,Lisa Wade,Shawn,Henderson,Mary,"72613 Morales Mount Apt. 275
West Laurie, MH 73155","34560 Karen Viaduct Suite 764
Campbellburgh, MA 77511",Lake Michellestad,Hong Kong,1951-02-15 00:00:00,814.652.2771,ysutton@example.net,New Russellland,Kansas,Cayman Islands,"Research officer, trade union",Accommodation manager,Walters LLC,3d68df2a-230d-4b69-a6d7-58b0f1a7ee85,2024-01-18 01:01:00,"058 Michelle Shoal
Lake Ebony, IA 11595",turn,every
de6b5dc7-da83-4eb5-a2e7-bdda8f7366ad,Tammy Fuentes,Ryan,Meyer,Christina,"PSC 9417, Box 8031
APO AE 41404","54517 Hailey Garden Suite 328
Port Elizabeth, SD 08272",New Cheryl,Jamaica,1967-11-08 00:00:00,824-968-9673x531,elizabeth39@example.com,Rodriguezville,Missouri,Norway,Operational investment banker,"Lecturer, higher education",Gonzalez PLC,db3a826f-2f71-4009-a444-707a0678678a,2024-01-18 01:01:00,"6875 Emma Drive Suite 722
New Tanner, NV 34728",shoulder,day
24b8b49c-02a4-45a1-93d1-30c807ad9ad1,Kara Walker,David,Evans,Andrew,"0337 Robert Mills Apt. 696
Brandonberg, VT 15691","0175 Harrison Groves
Gregorytown, ID 56305",Mitchellside,Turkmenistan,1985-06-23 00:00:00,001-889-545-2325x503,ricky43@example.org,New Dianemouth,Texas,Jersey,Commercial/residential surveyor,Corporate treasurer,Wyatt-Luna,20c5c27a-b5a7-4cf9-b426-dce471c7b8d2,2024-01-18 01:01:00,"PSC 8978, Box 8846
APO AA 34688",kid,red
0aa323cf-f62d-4ca5-bbf7-834a57cd3b9c,Michael Jordan,Richard,Johnson,Michael,"260 Carla Forks
Cynthiaview, SC 10641","957 William Stravenue
New Brandonview, FM 72981",Sandrabury,Greece,1992-01-15 00:00:00,867.331.8951x55269,ilawson@example.net,New Bethanyport,Alaska,Serbia,Statistician,Animal nutritionist,Peterson-Perry,d5718ea8-411e-4a6e-ae1b-42502ecd03b1,2024-01-18 01:01:00,"24734 Chad Overpass
Hodgehaven, KS 05869",traditional,her
ef9eda16-a3f9-4b46-972f-89e916d0ab83,Megan Benjamin,Amy,Finley,William,"PSC 0412, Box 8679
APO AA 45989","152 Johnny Skyway Suite 292
North Lauren, CT 51270",North Amy,Trinidad and Tobago,2003-10-26 00:00:00,+1-895-486-3583x038,stephaniehuynh@example.net,Kevinmouth,Hawaii,Chad,Lawyer,Biomedical engineer,Hawkins and Sons,afe3134b-f4d9-4284-94eb-a5a9602605ec,2024-01-18 01:01:00,"344 Clark Ridge Suite 665
South Amandabury, MP 11955",right,smile
688f630d-ff26-4e95-8b41-9b493ca12686,Diane Brown,Sabrina,Cohen,Spencer,"4626 Torres Via
East Justin, SD 80132","7173 Sara Fords Suite 962
Lake Daniel, HI 44985",North Pamelamouth,Faroe Islands,2007-07-15 00:00:00,4979801563,nguyenwendy@example.org,Nathanmouth,Mississippi,Germany,Theatre director,Press photographer,"Kane, Rodriguez and Hoffman",1c1c35e2-4a54-4f43-93bc-127ed8469aa7,2024-01-18 01:01:00,"8042 Eric Lights
West Amy, UT 14674",which,relate
e32d7321-362b-4e4b-81aa-4e5e3edc2397,Mark Thomas,Katherine,Green,Zachary,"77961 Kelly Lodge Apt. 927
Lake Misty, LA 20009","82141 Lester Corner
New Johnny, AR 24459",New Luis,Antarctica (the territory South of 60 deg S),1960-02-19 00:00:00,764-581-9882x544,jacobwilcox@example.net,West Jimmystad,Washington,Heard Island and McDonald Islands,Communications engineer,Investment analyst,Ford-Pierce,f05212eb-5b76-4b39-b263-08a2bd2e6d7a,2024-01-18 01:01:00,"2266 Teresa Prairie Suite 716
South Kyleberg, MA 97481",eat,once
7a0f285f-9593-47a0-918e-e3c212809419,Jacob Hancock,Andrea,Holden,John,"543 Calvin Forks
South Josehaven, PR 86108","048 Victoria Stravenue Suite 844
North Allisonport, PR 06528",North Mary,Cayman Islands,1996-08-10 00:00:00,(419)641-8192x15395,leslie70@example.org,North Antonio,Arizona,United Arab Emirates,Land,Commissioning editor,Owen Group,dd4f3507-91fd-4a26-b0ea-d61d12983c3f,2024-01-18 01:01:00,"69620 Schmidt Summit Apt. 218
Johnmouth, OR 22303",newspaper,doctor
1fa4d68c-c601-42b2-b0e2-1d1ff4e760d9,Joshua Green,Linda,Robinson,Michael,"41875 Hunt Club
Lopezstad, PA 21136","7098 Miller Fords Suite 539
East Andrew, CT 80693",Port Benjaminstad,Benin,1962-10-08 00:00:00,682-362-0985,seansmith@example.org,Georgeville,Kentucky,Iraq,Illustrator,"Investment banker, corporate",Nelson-Anthony,b1ea5b4e-7eee-49ed-bdeb-b9fe314ac6db,2024-01-18 01:01:00,"09697 Hart Island
South Kathleen, TN 83818",carry,member
8324725b-aecd-4366-b0b6-f848a97a0f6a,Gloria Hicks,Tracey,Thompson,Hayden,"1057 Christopher Shores
Aguilarmouth, PA 28582","252 Timothy Ports Apt. 667
Ericksonbury, NM 54694",South Cheyenne,Saint Lucia,1992-09-07 00:00:00,001-506-618-4256x817,qmendez@example.org,Port Dylan,Mississippi,Slovenia,"Designer, textile",Careers adviser,Potter-Navarro,390421c5-4284-485a-99b4-2cc0edf1b597,2024-01-18 01:01:00,"7442 Williams Crossroad Suite 894
Parkerchester, KY 66359",style,her
8c38b344-7add-41a0-b9a5-0dfa59d317b4,Donald Clark,Christopher,Williams,Brandy,"3967 Leach Park
Port Wendyfort, UT 25548","2430 Elizabeth Coves Suite 109
West Julie, IN 84514",Emilybury,Bulgaria,1990-10-26 00:00:00,422-495-4061x6024,kennedyjason@example.org,Donaldtown,New Jersey,Bahrain,Futures trader,Neurosurgeon,"Ferrell, Johnson and Lawrence",2f1c6366-713d-4609-bef3-edc17cceecf4,2024-01-18 01:01:00,"USNV White
FPO AE 64461",discuss,yes
d5dd1231-b355-495d-90fb-43c2387fa378,Michael Snyder,Roberta,Edwards,Craig,"72778 Richard Union
Lake Cynthiafurt, NE 97984","Unit 7493 Box 4011
DPO AE 50320",Crystalton,Palau,2016-12-29 00:00:00,001-206-994-6742,shawshane@example.net,Markside,West Virginia,Poland,Social worker,Field trials officer,Choi PLC,d2a8ffa1-976a-415c-927c-b28005c64664,2024-01-18 01:01:00,"605 Nguyen Union
New Austinhaven, AK 03188",note,court
07999a4c-d3bb-4f5d-8418-cc4665893ee9,Denise Mcgee,Christian,Adams,Tammy,"0802 Charles Lane
New Kenneth, WI 44522","70364 David Freeway Apt. 349
Philiptown, MD 21195",Lake Andrew,Guinea,1986-05-26 00:00:00,442.587.2612x2875,gonzalestravis@example.net,New Brittanymouth,Nevada,Fiji,Commissioning editor,Camera operator,Wilcox PLC,08d52be1-485a-491a-98eb-a22e112bd418,2024-01-18 01:01:00,"95141 James Dale Apt. 041
East Susanshire, KY 36415",someone,sense
ddaacb0c-d4a3-46df-91c2-686a5b187078,Kelsey Smith,Edward,Duncan,Todd,"87482 Guzman Green
Amandashire, ID 87611","2644 Perez Circle
East Sherri, TX 85115",West Renee,Brunei Darussalam,2009-03-08 00:00:00,724.215.2509x35940,james93@example.com,West Kevin,Montana,Malawi,"Surveyor, insurance",Insurance broker,"York, Velazquez and Townsend",298c0717-73c2-472b-8540-ed2a2b568dd8,2024-01-18 01:01:00,"67767 Ayala Cove Apt. 055
West Dianaton, FL 56923",reason,stop
831db8a6-48b7-4b36-8853-c4611ecff7ed,Mandy Thompson,Pamela,Dorsey,Michael,"365 Turner Ferry
Jenniferport, IA 19668","86737 Torres Track Apt. 549
East Scottfurt, DE 02649",North Timothyville,Reunion,2018-01-21 00:00:00,001-910-858-8119x419,ariana27@example.net,Anthonyburgh,Wyoming,Malaysia,"Librarian, public",Therapeutic radiographer,Mendoza LLC,d5cf2d6a-6ca8-49e7-8105-1829b1c0a37f,2024-01-18 01:01:00,"6306 David Turnpike Apt. 052
Lake Kyle, WY 58243",add,fine
56c9c1a8-9f69-4591-b10b-6214ce540d71,Judy Oconnor,Mariah,Patterson,Maria,"133 Lee Glens
New Pamelafurt, OH 45869","049 Lopez Mountains Apt. 880
Dixonberg, MD 20838",South Jonathanhaven,Greenland,1987-12-02 00:00:00,(944)948-0107x17280,shawnpowell@example.net,Port Nicole,California,Micronesia,"Surveyor, commercial/residential",Emergency planning/management officer,Vaughan-Cruz,ca78fcad-c104-47c5-95b3-15af57dca8dc,2024-01-18 01:01:00,"322 Cameron Squares Suite 105
Connorchester, WV 31721",again,still
22cf56a9-fc72-47ee-88ed-b35cca260fdf,Nicole Smith,Jimmy,Walters,Karen,"01460 Joseph Garden
Trevorfort, SD 45603","9505 Williams Underpass
North Miguel, MT 97623",Reedburgh,Saint Helena,1958-02-11 00:00:00,2417193009,ellisedward@example.com,Watkinsport,Arizona,Guernsey,Orthoptist,Sport and exercise psychologist,"Haley, Williams and Myers",7f3dc41a-d9f6-4d9f-bc2e-cba1f9d1e911,2024-01-18 01:01:00,"Unit 6884 Box 6302
DPO AA 48484",politics,cell
c1ef6087-acd7-43ed-b0fa-aa574812e4ca,Robert Elliott,Gary,Hudson,Richard,"0714 Nathan Port Suite 206
Wolfeview, TX 11591","251 Melissa Crossroad
East Dana, NM 37818",Port James,Namibia,1916-02-15 00:00:00,873-284-2856,staceyadams@example.com,Thomasmouth,Nebraska,Croatia,Aeronautical engineer,"Engineer, chemical","Fletcher, Calhoun and Aguilar",1c8d646b-c0bd-40fa-a6d4-47cf369e1066,2024-01-18 01:01:00,"83570 Butler Street
East Jennifer, OK 26206",fill,include
e678e876-6683-43f6-8108-40c8d020328b,Scott Taylor,Michelle,Myers,Caitlin,"PSC 1850, Box 7550
APO AP 31330","149 Kennedy Green
Lake Frank, IA 10630",South Marissaborough,Latvia,1948-10-14 00:00:00,001-594-858-4436x64987,ggonzalez@example.com,East Edwardland,Idaho,United States of America,Advertising account executive,Geophysicist/field seismologist,Adams-Alvarado,1ba9a92e-8d48-4e41-94ec-12fe886d4169,2024-01-18 01:01:00,"76769 James Greens
Rebeccaville, NM 41110",provide,strong
2496243f-06b8-43ad-b7b7-195691ea5486,Elizabeth Ritter,Thomas,Hurst,Dawn,"09254 Jill Knoll
Port Brenda, PW 59386","427 Susan Rue
Michellestad, AL 44077",Williamsshire,Vanuatu,1975-07-23 00:00:00,5249397315,farmeralex@example.org,New Heather,Colorado,Eritrea,Paramedic,Social researcher,"Russell, Cohen and Allen",b9202470-d113-4162-9ebf-03cd285b28a3,2024-01-18 01:01:00,"8821 Bennett Center Apt. 072
Aimeeport, WV 08194",clearly,door
cab7571d-0685-4526-80cf-285188233e60,George James,Roger,Lam,Antonio,"9741 Eric Burgs Suite 642
Danielfort, AR 90172","02764 Aaron Extensions
Elizabethfort, MO 36470",Mcclurefurt,India,1986-12-01 00:00:00,+1-475-906-8999x41313,christinatanner@example.net,Travisstad,Illinois,Togo,IT sales professional,Chiropodist,Andrade Group,c43994cc-a3fe-4dd5-a720-af36c644539f,2024-01-18 01:01:00,"5716 Hinton Knoll Suite 466
Lake Tyler, CO 67485",something,middle
5e971af5-f6de-4822-bf12-85b005234257,Lindsey Chapman,Julie,Salazar,Kenneth,"554 Sherman Via Apt. 150
West Jaredton, MP 54711","6525 Erica Landing
Bishopbury, WV 09238",Port Jennifer,Nepal,1937-06-27 00:00:00,+1-700-529-6237,xbaldwin@example.net,Lake Brittany,South Dakota,Belize,Tourism officer,Sub,"Bell, Dyer and Walton",63ab8141-146c-469d-960b-939e39b33b3e,2024-01-18 01:01:00,"34748 Sweeney Ranch
Wheelerton, TN 75986",study,dog
5786764d-5e67-404a-90f0-6a842d8a3a80,Carrie Peterson,Bianca,Flynn,Jamie,"USNV Cook
FPO AP 85824","4955 Mason Ports
Juliemouth, PA 03535",Harrellmouth,Venezuela,1959-05-17 00:00:00,709.669.7890x19936,pcastro@example.net,Lake Summer,Indiana,Trinidad and Tobago,Probation officer,IT technical support officer,Davis-Reed,e2db342d-d9c0-467a-8de2-6f3a70d2de04,2024-01-18 01:01:00,"944 Leblanc Bridge
Matthewshire, LA 61503",during,test
97d2cfab-0c16-47ee-bde5-e20e9ef664af,Elizabeth Garza,Justin,Sanchez,Drew,"40796 Ronald Plains Apt. 865
New Alanshire, KY 51522","7492 Barker Locks
East Laurenland, MT 22650",Robertbury,Dominican Republic,1992-02-08 00:00:00,5748291288,lauren06@example.net,Charleshaven,Iowa,Romania,"Geneticist, molecular",Metallurgist,Banks Ltd,ecec6ac4-2615-4f13-be35-8f12ba014a0d,2024-01-18 01:01:00,"PSC 9308, Box 1490
APO AA 88182",suddenly,care
567c8a34-0d12-4b14-a0dd-31d7e6980a73,Larry Reyes,Jesus,Johnson,Robert,"7769 Joseph Mountains
Brianberg, ME 45975","Unit 8274 Box 8872
DPO AE 69388",Port Jennifer,Vanuatu,1932-02-19 00:00:00,+1-370-826-0008x867,aharris@example.net,Mullenhaven,Alaska,Guinea,"Buyer, retail","Engineer, manufacturing systems",Lawson PLC,ff746450-fb2e-41a4-930b-fb3e0d2473e2,2024-01-18 01:01:00,"9210 Christopher Ramp
New Victorborough, CO 03483",star,mission
64799e92-cda2-4ef3-aabb-91b535eda307,Christina Moore,Jennifer,Clark,Steven,"0403 Matthew Crest
New Dustin, OR 06267","2636 Phillips Island
North Brendaside, MA 27577",Gomezville,Somalia,1983-09-20 00:00:00,790.488.0997,smithmarilyn@example.org,Lake Michele,Montana,Cape Verde,Microbiologist,Legal executive,"Hernandez, Coffey and Myers",a7b71868-50d1-4a5b-8072-fdbd22e80139,2024-01-18 01:01:00,"4307 James Lake Apt. 221
Meltonberg, FM 82448",push,impact
3234b268-54ec-43f9-8f93-bfcd1d478b53,Angela Francis,Edwin,Barron,Melissa,"0293 Susan Lakes Apt. 840
Stephanieland, MH 26345","USS Hernandez
FPO AE 08707",Johnsonhaven,Finland,2007-07-27 00:00:00,709.888.2564x80489,sarah99@example.org,West Joe,Maine,Aruba,"Scientist, audiological","Engineer, water","Summers, Lopez and Shannon",e442af49-b729-4295-9bc5-bd93dd3d1ace,2024-01-18 01:01:00,"PSC 5991, Box 6668
APO AA 43316",fast,start
1c433871-9c19-43ca-8165-4f87a0b2aad2,David Morgan,Travis,Anderson,Brandon,"338 Andrew Flats Apt. 932
New Sarah, KS 29342","29575 Roberta Squares Apt. 234
Lake Melissaland, SD 56760",West Melissaview,Uruguay,1954-07-08 00:00:00,+1-681-550-2211x39484,jamesjordan@example.com,South David,California,Switzerland,Farm manager,Retail buyer,"Chavez, Baker and Welch",e66ba8f3-df99-41bd-a7ec-59d55d4b9c1e,2024-01-18 01:01:00,"USS Jennings
FPO AA 57583",picture,then
80024502-0df6-4017-81b9-846d1a045718,Robert Lewis,Patrick,Gonzalez,Erin,"583 Smith Spring
South Deborahport, NC 45141","90556 Misty Extension
Danaland, TN 60341",East John,Barbados,1959-07-06 00:00:00,708.862.6348,lisaboyd@example.com,Waltersport,Vermont,Holy See (Vatican City State),Financial planner,"Restaurant manager, fast food",Hoffman-Garner,da645a9b-5d79-44e7-a867-606ae0374f5e,2024-01-18 01:01:00,"82044 Timothy Path
Bowenborough, NH 35761",trade,begin
e35792ae-814f-4236-b9e1-6ba42b7d4ad7,Charlene Smith,Regina,Mccarthy,Anna,"87064 Donald Estates
Fordfort, AZ 51649","73947 Coleman Lodge Apt. 995
Leonardfurt, AS 09201",Calvinshire,Cape Verde,1943-04-22 00:00:00,(253)214-2051x3362,andrewjohnston@example.com,Roseside,New York,Switzerland,Agricultural consultant,Applications developer,Sampson and Sons,91ae584e-7eab-4785-93ca-fcddb54d426f,2024-01-18 01:01:00,"98250 Karen Motorway
West Laura, GA 79010",choice,choose
0308fcf1-e502-4728-88c2-1fb86483c39a,Kyle Ponce,Mallory,Fitzpatrick,Logan,"25920 Rachel Lane
Billyberg, PW 74918","26357 Williams Junction Apt. 631
Penaland, LA 95710",New Ronald,British Virgin Islands,1960-07-19 00:00:00,868.440.9137x38018,john39@example.com,Josephville,Louisiana,Lao People's Democratic Republic,"Optician, dispensing",Education administrator,Patterson and Sons,3e8f2f96-8414-4608-9b34-aa430fe75d7a,2024-01-18 01:01:00,"11500 David Forks
Arthurbury, WA 38814",idea,race
cf431455-a08c-46b2-af55-9e1eeee09f38,Hunter Jones,Barbara,Dunlap,Brittany,"38266 Melissa Mall
West Michael, DE 42036","365 Christina Corners Suite 423
Zimmermanstad, NV 79970",New Cynthiafurt,Trinidad and Tobago,2019-03-03 00:00:00,+1-426-602-5136x375,nathan84@example.net,Aaronbury,Nevada,Guernsey,Geophysicist/field seismologist,"Librarian, public",Ochoa-Smith,dab429e0-e1c0-4e47-ac7c-610c2808faba,2024-01-18 01:01:00,"093 Smith Island
Lake Jason, ID 86014",they,appear
9e3003e0-9d70-4dbe-a1fd-c626aed50b94,Julie Donovan,Kevin,Watson,Christopher,"466 Woods Passage Suite 073
East Amberville, OH 26871","99571 Thomas Views
Garyburgh, WV 20001",Amandatown,Saint Helena,1952-09-15 00:00:00,446-737-5103,hendrixpamela@example.com,Kristiport,Louisiana,Solomon Islands,Secondary school teacher,Training and development officer,Walton LLC,9ddd0ad7-10fa-47dc-82ab-d7185e26f8e6,2024-01-18 01:01:00,"PSC 7331, Box 9060
APO AP 72620",fish,mouth
08e23d94-5543-4e9b-a48c-a292ba4ddc91,Kaitlyn Williams,Brandi,Morgan,Catherine,"6493 Johns Terrace
North Jennastad, AZ 97648","22149 Bell Garden Apt. 248
Nancytown, DC 36848",South Johnchester,Belgium,1935-04-23 00:00:00,716-452-3748,fletcherjerry@example.com,Port Brianchester,Arkansas,Greenland,Barista,"Presenter, broadcasting",Cortez-Kennedy,0071baeb-dca1-43c3-a893-bcf4e1730e75,2024-01-18 01:01:00,"113 Peterson Turnpike Suite 500
Kimberlyfort, MP 07084",kitchen,memory
a2b994d8-ce5d-4649-88d7-26ab3a87efba,Kimberly Mitchell,Lisa,Lawrence,Leon,"Unit 8962 Box 2727
DPO AP 06610","898 Brown Stream
Jasonland, GU 81774",West Jennifer,Kazakhstan,2012-03-15 00:00:00,(632)602-1870x4132,edward31@example.com,Hernandezstad,Rhode Island,Lao People's Democratic Republic,Broadcast presenter,Special effects artist,Guerrero Inc,535c6e7e-c24e-4f59-bc3d-57838eb8e0eb,2024-01-18 01:01:00,"38123 Murillo Isle
South Danielmouth, MN 04713",point,her
350f80be-ce17-46af-a002-2bc17440f143,Heather Coleman,Austin,Williams,Sandra,"7731 Robert Orchard
Thompsonton, CO 37344","927 Carson Springs
Pierceport, RI 06869",Crawfordport,Zimbabwe,1918-07-04 00:00:00,001-228-525-2276x338,kyle97@example.org,Lisatown,Utah,Malawi,"Engineer, building services",IT sales professional,Campbell Ltd,316b368d-5246-4dd2-a5a2-2a67c9f93760,2024-01-18 01:01:00,"866 Jennifer Valleys
North Melissa, IA 58443",because,that
06dc4717-3977-418a-800e-2fa49b199641,Kelly Moon,James,Fox,Emily,"1277 Paul Courts Apt. 082
West Jenniferview, MS 50858","852 Stanley Junctions
Chapmanmouth, DE 44707",Lake Robertland,Portugal,2008-11-07 00:00:00,(993)274-5748x847,jacquelinebell@example.net,Port Timothy,Wisconsin,Slovenia,Health promotion specialist,Chartered management accountant,"Ross, Hensley and Anderson",58090066-ff01-4a28-b43e-ef16515d331b,2024-01-18 01:01:00,"Unit 5545 Box 2937
DPO AA 56637",mission,tree
843ba261-f02b-41e1-8a1d-07321ff172da,Jennifer Ford,Henry,Conner,Patricia,"933 White Inlet
East Adamport, MD 69545","3312 Melissa Lodge Apt. 019
Thomasmouth, NM 70760",West Katherineview,Tokelau,1945-02-03 00:00:00,+1-759-326-5347x32578,tracy93@example.com,Williamside,Nevada,Tajikistan,Advertising art director,Chartered management accountant,"Miller, Gamble and Long",6e5daa27-6061-42cc-8b3f-136b9c3c1e14,2024-01-18 01:01:00,"446 Kevin Plain
Pooleborough, MD 57110",face,let
51d69cb0-a0be-4abc-bd9d-ff6042271ade,Claudia Scott,Michele,Mcconnell,Samantha,"Unit 2411 Box 6993
DPO AA 94408","0578 Rhonda Stravenue
Angelaberg, CO 65859",Brandonmouth,Georgia,1987-10-10 00:00:00,(313)707-6290,linchristopher@example.net,North Patricia,North Carolina,Lebanon,Barrister's clerk,"Scientist, forensic",Brown PLC,8eaa4827-d798-445a-9f65-bcb9446d0ae4,2024-01-18 01:01:00,"9527 Renee Plaza Suite 813
North James, CA 37689",treat,situation
8f949a7d-07ab-4503-91ae-7ecc913b6111,Jessica Hall,Susan,Smith,Sarah,"5288 Jennifer Inlet Apt. 958
Flemingview, GU 71473","840 Gonzales Hills Apt. 929
Brandonville, PR 69434",Lake Mario,Uruguay,1938-09-15 00:00:00,386.997.4580,mtorres@example.com,Charlesstad,Wyoming,Israel,Chief Operating Officer,Multimedia specialist,Cook Ltd,500b1e10-282b-41ec-a807-29c88aea16dd,2024-01-18 01:01:00,"796 James Drive
East Timothychester, MN 43641",find,other
56f0f9bc-2d46-428d-b2af-07c45d7120af,Brittany Taylor,Timothy,Sanchez,Nicole,"PSC 6294, Box 0500
APO AA 05713","968 Duran Mills
East Bradleychester, TX 82560",Garciahaven,Timor-Leste,1925-01-19 00:00:00,213-342-4173x5112,thompsonbryan@example.com,Nancymouth,Pennsylvania,Australia,Theatre manager,"Research officer, trade union",Thomas and Sons,843c8b2e-d584-4fac-96a0-d7f483f29185,2024-01-18 01:01:00,"03059 Brandon Prairie Apt. 301
Larsontown, NC 14302",adult,mind
4781dc90-bb81-468c-8fd3-b7c4c897c429,Lisa Turner,Richard,Long,Haley,"389 Cristian Grove Suite 193
Danielmouth, VI 29223","10316 Kathleen Hollow
Lake Leslie, PA 66782",Port Kylefurt,Bosnia and Herzegovina,1984-01-06 00:00:00,(320)879-9470x65774,priceelizabeth@example.org,Cynthiaville,South Dakota,Somalia,Social researcher,"Engineer, biomedical",Hogan-Schmidt,e07635a0-ca3b-41d5-b856-501ff2ad1176,2024-01-18 01:01:00,"65360 Lopez Expressway
New Tiffany, MA 38174",cut,window
ae30b798-2af7-4044-b528-975941e4af74,Katrina Miller,Jennifer,Perez,Julia,"303 James Views Suite 785
West Aaron, NH 55070","7067 Hernandez Gateway
Nicholashaven, CT 84545",Morganmouth,Saint Pierre and Miquelon,1923-09-20 00:00:00,001-893-811-5367x217,chad43@example.com,Pattonmouth,Wisconsin,Tunisia,Translator,"Editor, film/video",Martinez LLC,b6d41c4d-d17c-484b-ab4e-4b78f599c7ef,2024-01-18 01:01:00,"12298 Jeffrey Light Suite 913
West Shane, NH 39223",season,direction
5f7c0e94-0fa6-4e1a-899b-2e56eccd2bd1,Jorge Thomas,Joseph,Graves,Rebecca,"PSC 6254, Box 9273
APO AP 92861","266 Jacqueline Roads Apt. 817
Port Derrick, DE 82345",Jasonmouth,Saint Pierre and Miquelon,1940-03-27 00:00:00,(204)210-8812x252,brooke09@example.com,East Jamie,Arkansas,Serbia,"Investment banker, operational","Scientist, biomedical","Russell, Love and Lane",362bbdbe-25db-4732-976a-0ed99c9dcd08,2024-01-18 01:01:00,"583 Cruz Ramp Suite 529
Josephfurt, GA 86444",commercial,question
694fbee3-af74-4dd0-a8e8-47279baa7934,Amber Green,Lynn,French,Elizabeth,"49414 Melanie Forest Apt. 726
Christinatown, WI 38353","3127 James Ferry
Kristaland, KY 79621",North Louis,Anguilla,2021-04-15 00:00:00,350-268-0379x422,lisa81@example.net,Smithport,Pennsylvania,Tunisia,Land,Operational investment banker,"Wilson, Klein and Hoover",3eb8ce3e-28c2-43a6-b031-08f2c404450b,2024-01-18 01:01:00,"47466 George Glens Suite 408
Munozmouth, CT 73556",machine,exactly
c92254f1-0819-45ac-9f80-111095fd253b,Gregory Lewis,Sherry,Marsh,Melissa,"04567 Lowe Union
North Adam, ME 11335","1026 Watson Light Suite 968
Barnesview, WV 71969",Port Jeremy,Falkland Islands (Malvinas),1975-10-23 00:00:00,+1-807-708-7195x4771,lisajones@example.org,Danielville,Pennsylvania,Micronesia,"Scientist, research (medical)","Lecturer, higher education",Martinez-Mcdaniel,9223e278-f527-4075-b371-7be99e7bf2e2,2024-01-18 01:01:00,"986 Lawson Trace
Lake Jasmineton, TX 56904",image,baby
90977336-e3b1-4ad3-a6c2-3c27492453b1,Andrew Caldwell,April,Booker,David,"PSC 2300, Box 8722
APO AP 39404","68379 Hansen Avenue Apt. 650
West Toddport, CA 98876",Ortizfurt,Cook Islands,1990-09-08 00:00:00,595.452.6245,rachelroberson@example.net,Barnesland,Minnesota,Jamaica,"Conservator, museum/gallery","Investment banker, operational","Cardenas, Nguyen and Anderson",b19c5666-1951-4986-a418-e50581d491d2,2024-01-18 01:01:00,"420 Wright Garden Suite 826
Brandonburgh, SC 49989",bring,have
bcc6431d-7d2c-447c-a63d-12947daf5739,Nathan Castillo,Jacob,Graham,Matthew,"2019 Roberts Key
Port Denise, NV 84753","36129 Frost Square Apt. 006
Cortezmouth, MD 40508",West Theresa,Morocco,1965-04-01 00:00:00,594.277.3350x18335,jennifer52@example.com,South Tracyborough,Arizona,Chad,IT trainer,"Social research officer, government",Thomas LLC,f94f5606-05c9-4aae-b2bf-929e4eb6afd1,2024-01-18 01:01:00,"50100 Devon Station
Lake Crystalview, MO 56181",anyone,smile
560f55ec-87c8-4fd5-921e-ba761db764f9,Matthew Glass,Douglas,Ramsey,Bryan,"65057 Price Park Suite 598
East Emma, CT 18486","860 Foster Cliffs Apt. 551
Nataliemouth, SC 24263",New Angelport,United Arab Emirates,2020-09-18 00:00:00,+1-702-986-5510x0835,angelajenkins@example.org,Jamieland,Delaware,Uganda,Set designer,Waste management officer,"Gilbert, Farrell and Meyer",ed58c70b-50ea-4016-9e60-6c89d32976de,2024-01-18 01:01:00,"4174 Martinez Brooks
Basschester, MP 99667",resource,sort
6c492eda-c6fe-42fd-b2a5-6bd9384f31c9,Susan Campbell,Jonathan,Obrien,Jason,"15868 Katherine Flat
West Jason, DE 32092","536 Garcia Village
South Emily, WI 04043",Rodgersshire,Jersey,1970-03-15 00:00:00,9524591498,tkim@example.net,South Joshuafort,Louisiana,Mongolia,Restaurant manager,"Engineer, manufacturing systems",Austin Ltd,1a36c0a8-c50c-43a5-a741-199ca8f234f9,2024-01-18 01:01:00,"3313 Love Groves Apt. 047
Andrewhaven, MD 51145",baby,network
2c259b70-8a79-4cc9-aad0-8f83f096f096,Devin Morrison,Connie,Joseph,Bryan,"85484 Porter Spring
South Brian, VT 35267","74885 Robert Loaf Apt. 418
West Daltonport, HI 68627",Parkshaven,Barbados,2004-04-01 00:00:00,(375)202-6244x9706,rossjennifer@example.net,East Taramouth,Florida,Zambia,"Engineer, petroleum",Colour technologist,Hubbard and Sons,07a24e20-0339-47e2-b8ad-389c36cdf892,2024-01-18 01:01:00,"649 Ferguson Canyon
Susanland, KS 62697",win,white
282e6371-bd07-49a3-8b75-52a1a92e2927,Stephanie Anderson,Zoe,Rodriguez,John,"1606 Evelyn Courts
East Allison, KY 39349","0959 Davis Springs
East Jasonstad, MI 35938",Rollinshaven,Marshall Islands,1943-01-15 00:00:00,896-785-2195x380,jessicathomas@example.org,South Jonhaven,Iowa,Grenada,Dealer,Sports coach,"Lee, Nguyen and Jackson",e7dcad0a-521e-49a8-a1f4-81d41ce8f6be,2024-01-18 01:01:00,"127 Paige Crescent
South Michael, NM 40943",thing,future
e1ab2aa8-711d-4517-babc-280ed0dd6889,Brenda Erickson,Jose,Coleman,Jorge,"203 Kimberly Oval Apt. 913
West Jennahaven, MO 11997","73664 Vasquez Expressway Suite 199
Valentineview, PW 92657",Lauraport,Sweden,1921-12-17 00:00:00,645-502-3037x0139,heidigrimes@example.org,Lake Marvin,West Virginia,Kuwait,Air traffic controller,Administrator,Torres LLC,6ccab4ea-e6be-4ba2-a02f-28f7d9af4749,2024-01-18 01:01:00,"0704 Alan Forge Apt. 361
Lake Travis, PW 32538",strong,task
c7d8c1f6-b6a7-412c-acf4-e1c390cebb5b,John Kelley,Caitlin,Mccullough,Kenneth,"6354 Robin Walk Apt. 150
Kimberlyshire, PW 79060","54922 Pittman Square
South Shane, ID 52433",Robertchester,Swaziland,1996-03-11 00:00:00,+1-765-578-9050,anthonyhodge@example.org,Jeremyberg,Nebraska,Japan,Recycling officer,Geographical information systems officer,"Barr, Walters and Lucas",cc4416ab-8276-4e43-92a6-7591cfc45db0,2024-01-18 01:01:00,"545 Connie Courts Apt. 682
Lake Emmahaven, VA 66930",reveal,challenge
efe9f5c6-8203-43da-abb2-deb9c1196f2a,Nathan Finley,Cheryl,Green,Bruce,"USS Henry
FPO AP 78999","5448 Lewis Shores
North Jessica, MI 01797",Williamsside,Czech Republic,1941-10-15 00:00:00,(915)685-8433x2420,sierrafrederick@example.com,Hartberg,Louisiana,Bahamas,"Pilot, airline","Designer, blown glass/stained glass",Castillo Inc,c9c3ad82-9d22-43be-b8e5-1fa4df4b6927,2024-01-18 01:01:00,"18817 Lee Lakes Apt. 965
Dennisfurt, WI 59627",stand,while
f0328a2d-de7e-495d-a9af-384026660107,Jonathon Kidd,Deborah,Rodriguez,Jonathan,"6202 Elizabeth Ridge
Kevinbury, KS 07706","Unit 6441 Box 6913
DPO AA 44591",Hernandezport,Afghanistan,2001-09-25 00:00:00,(247)621-4991,grichard@example.org,Andersonchester,Maine,Turkmenistan,Air cabin crew,Writer,Walter LLC,dd907d5e-9d3f-4b22-b6b4-5da3d65d77a9,2024-01-18 01:01:00,"PSC 9231, Box 4014
APO AA 58693",official,above
866dda19-7524-4176-83f8-7370105f3cae,Benjamin Romero,Mark,Phillips,Lindsey,"648 White Loop Apt. 527
Morrowhaven, MA 61996","5704 Renee Vista Suite 649
West Chadshire, DE 52127",Camposport,Thailand,1919-11-12 00:00:00,647.918.7855x787,scottthomas@example.com,Hensleybury,Maryland,Ireland,"Engineer, agricultural",Personal assistant,Kent Group,1381d0fd-9774-416b-bc14-59d931808749,2024-01-18 01:01:00,"8292 Wiley Divide Apt. 161
Marieland, CO 52564",list,she
8de40d26-2819-4788-9cbd-e8c0fcf37a74,Sharon Silva,William,Hester,Mark,"51100 Castro Crescent
West Jenniferton, OH 97287","04603 Nelson Courts
New Laura, PA 27343",East Linda,El Salvador,1951-08-30 00:00:00,(982)928-2390x3259,wmills@example.net,Lake Jennifer,New Hampshire,Palau,"Conservator, furniture",Risk analyst,Lee-Vang,cd17bb40-6101-4b27-af12-b0578e018d7a,2024-01-18 01:01:00,"0193 Hayes Cape
Robinfort, AZ 38181",magazine,attack
5d01e914-1b88-499a-94d4-5683fc8e4907,Danielle Hubbard,Andrew,Beltran,Cheyenne,"20677 Christina Mews
West William, KS 29115","Unit 4798 Box 4326
DPO AA 99068",East Vincenthaven,Greece,1911-02-03 00:00:00,+1-283-829-9617x576,wilsonkristy@example.net,New Joshua,Georgia,Sao Tome and Principe,Agricultural consultant,Air cabin crew,"Thomas, Ford and Lewis",837f2b02-e956-4ad2-91ef-cbaf3838ae4e,2024-01-18 01:01:00,"240 Davis Field Apt. 566
Randallfurt, MH 82961",line,color
b627c704-b75f-4b71-bc66-39bb56c7e20d,Fernando Cannon,Katie,Simpson,Susan,"431 Katie Islands
Kathrynshire, NC 02882","920 Lindsey Mall
West Monica, OR 45006",East David,Heard Island and McDonald Islands,1973-10-09 00:00:00,001-378-424-9570,hurstlucas@example.net,Perezshire,California,Western Sahara,"Conservator, museum/gallery",Community development worker,"Davis, Rose and Gutierrez",9b0f8f5c-4aba-4ff1-848a-7e68eb0354e4,2024-01-18 01:01:00,"8173 Thomas Corners
North Michaeltown, NH 18617",dinner,contain
f9377bec-08db-43ce-ab05-1333f0d03881,Tracey Cooper,Jason,Smith,Jonathan,"04157 Andrea Pass Apt. 470
North Samantha, CO 22379","7373 Lane Pike
Timothyton, MI 04583",Hollyfort,Northern Mariana Islands,1981-06-25 00:00:00,369-649-2993,mikegraham@example.net,South Deborah,Montana,Macao,"Producer, radio",Therapeutic radiographer,Burgess-Trujillo,0fc272d0-3bc2-4be0-b00b-1458692d0622,2024-01-18 01:01:00,"227 Cunningham Road Apt. 511
Alexandrashire, DE 60546",method,him
26f1ad43-e2fb-4713-a078-bfe662ab572a,Debra Anderson,Jeffrey,Perry,Timothy,"551 Travis Inlet Suite 551
New Elizabethshire, AZ 65593","686 Chad Route Apt. 790
Port Sarahburgh, PR 15219",East Steven,Yemen,1955-09-09 00:00:00,001-578-470-2661,ycase@example.org,Fergusonstad,Kansas,Bouvet Island (Bouvetoya),"Radiographer, therapeutic",Rural practice surveyor,"Ross, Curry and Chang",8c217b70-2369-41f6-84a0-f1a53e21c064,2024-01-18 01:01:00,"40472 Wallace Trail Apt. 053
East Chrisfort, TN 27668",that,record
a629ceaf-2540-486e-99b9-6b6dc81e1817,Holly Mitchell,Steve,Wall,Jeffrey,"PSC 2712, Box 1905
APO AP 74336","9986 Pace Gardens Apt. 093
West Kevinstad, SC 38575",Earlport,Martinique,1966-09-07 00:00:00,669-796-3344x1074,anthonyphillips@example.com,Williamsonburgh,West Virginia,Papua New Guinea,Illustrator,"Scientist, audiological",George Group,fde3fd92-9650-446d-8772-4909eb62a131,2024-01-18 01:01:00,"5116 Kennedy Turnpike
Lake Susan, TN 86175",huge,again
1d4aa56a-65e1-41f2-883b-021c8b6cdb5e,Gina Roberts,Tammy,Gonzalez,Heather,"24804 Elizabeth Summit Suite 278
North Sharon, SD 12545","3595 Williams Parks Apt. 924
Connieton, CO 01446",New Alexandriamouth,Serbia,1957-07-29 00:00:00,825-498-6171x131,anthony44@example.net,Victoriaport,Missouri,Ireland,Quality manager,"Teacher, adult education",Burns-Carrillo,ba4a1bcd-87a8-469a-80e7-3b9c972ecbcc,2024-01-18 01:01:00,"0550 Crystal Park Suite 910
Barnesburgh, VT 49762",imagine,read
55f70049-a857-427f-b3da-6f6379680c5e,David Robinson,Jessica,Miller,Ryan,"180 Crawford Bypass Apt. 664
Kellyburgh, TX 49864","2353 Amy Fork Apt. 683
South Heather, MD 30658",Larsonshire,Egypt,1992-11-12 00:00:00,(611)383-7042x9396,lauren36@example.org,Lake Daniel,Connecticut,Lao People's Democratic Republic,"Therapist, speech and language",Secretary/administrator,Yang-Scott,32923974-3c05-4c4e-b0a0-e436922878c2,2024-01-18 01:01:00,"3036 Sally Tunnel
Port Kimberly, MO 52249",agreement,that
09100e9f-9782-4545-a7bc-f9727888f653,April Turner,Alexander,Delgado,Michelle,"82129 Paul Wells
East Ashley, NJ 27751","8381 Briana Avenue
Hillberg, MA 06984",Tinamouth,British Indian Ocean Territory (Chagos Archipelago,1986-05-27 00:00:00,+1-599-224-5761x6647,vicki90@example.net,North Stevenhaven,Washington,Lao People's Democratic Republic,Contractor,"Engineer, agricultural",Sanchez Group,1ec6e981-6c82-41c1-8ee2-76a8079bfbbf,2024-01-18 01:01:00,"404 Hale Cliffs
South Jenniferberg, MP 50422",between,learn
2be530e5-5e71-4308-8a95-4965a0dd16dc,Denise Lee,Joel,Brown,Casey,"8020 Baldwin Cape Apt. 102
Hurstfurt, MP 08808","6169 Karina Lake
South Michael, VA 24709",Schroedermouth,Costa Rica,1928-08-18 00:00:00,976.582.8795x149,jennifer72@example.com,Tracyburgh,Texas,Grenada,Marketing executive,Fish farm manager,Briggs-York,b8021b74-6a97-4094-966f-3781cb5fc426,2024-01-18 01:01:00,"508 Melissa Dale
Staceyfurt, PR 30612",computer,firm
326e4ee7-6cc6-4be5-8249-e9f643fef622,Bruce Hicks,Jason,Jackson,Brian,"Unit 1162 Box 1010
DPO AE 37198","63470 White Causeway
Alejandraton, MA 45446",East Rossmouth,North Macedonia,1980-11-15 00:00:00,754.321.7810x754,phillip83@example.net,Wisetown,Virginia,Congo,Stage manager,"Scientist, research (medical)",Montgomery-Mccann,916d730e-991b-4322-b8b8-a5c9787e7fad,2024-01-18 01:01:00,"6649 Michael Fall Suite 371
Tiffanyshire, NV 71086",wife,safe
df66cbdf-482a-4302-ae4b-4f5793eb1b28,Vanessa Gonzales,Eric,Castillo,Jennifer,"5166 Day Streets Apt. 384
Mckenziefurt, GA 41727","2345 Jordan Lights
North Maureenstad, NJ 31994",Johnsonfurt,Brunei Darussalam,1937-03-05 00:00:00,869-669-1892,sonyafoley@example.net,Mcdonaldstad,Florida,Kenya,Teaching laboratory technician,Building services engineer,"Smith, Walker and Smith",c2d3f6a3-1906-47b3-8010-c190751d8bd8,2024-01-18 01:01:00,"127 Kimberly Lake Suite 151
East Kennethborough, OR 41989",note,show
ee784eef-c6f1-46b4-b8f3-d8487678823f,Casey Adams,Cheryl,Mcintyre,John,"08512 Joshua Shore Suite 127
Lake Kevin, UT 04871","Unit 8466 Box 7571
DPO AP 61785",New Amandafort,Botswana,1932-08-31 00:00:00,(822)590-4987x5998,umedina@example.org,Gomezberg,Illinois,Puerto Rico,Control and instrumentation engineer,Consulting civil engineer,"Johnson, Rich and Dickerson",375c92d4-5fbd-44ce-b051-40b0c0faa404,2024-01-18 01:01:00,"600 Hill Rapids Apt. 736
Lake Elizabethtown, WV 75960",me,offer
22576094-472d-453c-a9d0-75e83a0bb7a5,Charles Hughes,Peter,Garcia,Elizabeth,"11109 Herring Point
West Katie, MI 22940","3287 Garcia Mews Suite 925
New Shawn, NV 66777",Lake Kristihaven,Martinique,1943-05-01 00:00:00,001-238-860-0788,tmorgan@example.net,Lake Barbara,California,Lesotho,Hydrologist,"Psychologist, forensic",Joseph-Lang,8ad367c1-4185-4a72-a632-3ee9eccbb68d,2024-01-18 01:01:00,"3531 Michael Alley
East Brandyville, NJ 71610",threat,culture
fe3d2cfa-7e49-44af-81dd-be434300fce5,Dennis Wolf,Daniel,Johnson,Charles,"768 Jessica Parkways Apt. 943
Goodmanbury, NE 31779","62841 Cameron Harbor
West Jonathan, KY 35983",Rachelchester,Martinique,1968-12-13 00:00:00,420-891-0751,caroline36@example.net,New Brianville,North Carolina,Portugal,Energy engineer,Patent attorney,Rivers Ltd,dcf5d056-8b33-49bf-834a-42d2c7719254,2024-01-18 01:01:00,"472 Sheri Vista Suite 162
North Jonathan, VA 55944",common,study
22304c06-147d-4c96-87e5-35827ca94f5f,Jacob Huff,Joshua,Mills,Kayla,"2974 Katrina Bridge
East Royport, TN 27048","927 John Knolls
East Timothyborough, ND 89670",Saraport,Armenia,1946-11-18 00:00:00,434-949-6183x830,maryjohnson@example.org,Derekfort,Utah,Tonga,Maintenance engineer,"Scientist, research (maths)","Patrick, Bennett and Hopkins",f0c81c8f-4e13-43ee-8658-f2a5bb5ea1bb,2024-01-18 01:01:00,"84358 Sharp Streets Suite 966
Diazburgh, MT 26720",minute,market
21e3d50e-30ef-4dd4-987a-c675ee2304b0,Dennis Morales,Gina,Gordon,Amy,"USNV Gray
FPO AA 60083","PSC 7152, Box 4933
APO AE 92633",Smithtown,Brazil,1971-05-11 00:00:00,821-523-7703,whitejoshua@example.net,Lake Laura,Texas,Equatorial Guinea,"Designer, exhibition/display",Financial risk analyst,"Dyer, Diaz and Rocha",19e9721c-29ca-482c-8611-256488e92aa0,2024-01-18 01:01:00,"6584 Tammy Unions Apt. 397
South Carmen, VA 01090",few,continue
3530e4a9-748d-4d07-8fd9-c543932d5e32,Teresa Edwards,Jacob,Morris,Melissa,"8926 Lisa Streets
Westside, AL 21920","39861 Smith Squares
Port Amandaborough, SC 87925",Port Wayne,Falkland Islands (Malvinas),1921-03-13 00:00:00,8569497666,dustinsantiago@example.org,Allenton,Kansas,Niue,Logistics and distribution manager,"Engineer, land",Turner PLC,8646e2f8-c965-4524-ba4c-3c38855858e1,2024-01-18 01:01:00,"307 Travis Roads
Kevinside, RI 69168",a,trip
03bb8bb0-412f-4e47-a131-0e7ad2a6b0e2,Christopher Richardson,Timothy,Moore,Richard,"144 Morales Ville Apt. 872
South Josephmouth, ME 46366","952 Gray Extensions Apt. 677
Parkerberg, OR 33065",North Josephberg,Cameroon,1943-07-12 00:00:00,(624)353-4104x65037,margaret02@example.net,New Ryanton,Maine,Nicaragua,Immigration officer,Advertising copywriter,Williams-Gross,5e257995-1c7c-4b29-b6d5-8c3acd320b8e,2024-01-18 01:01:00,"35805 Andrews Overpass
West Annabury, VA 98666",according,real
c7901e50-bb7b-44a1-a07a-1ac78eea6dfd,Michael Wang,Michael,Norris,Steven,"PSC 2369, Box 9138
APO AE 70266","6986 Anthony Island
Kristinashire, AS 50510",Bushside,Indonesia,1935-09-03 00:00:00,(478)714-2598,dennisbowers@example.com,Alexanderview,South Dakota,Moldova,Media planner,Tax adviser,Harrington-Dougherty,2f90d600-2c80-43c0-82c8-399649e27d20,2024-01-18 01:01:00,"508 Andrew Drive
Jacobsonville, NC 94600",room,word
86a90630-bf89-4881-b50d-ce76d957c1e6,Kristen George,Terri,Ritter,Dawn,"0620 Mark Prairie
Smithmouth, NE 29285","5192 Hunter Spurs Apt. 995
Bishopborough, VA 36808",New Markport,Niue,1993-10-10 00:00:00,(857)448-0417,boydmatthew@example.org,Mckinneyview,South Carolina,Italy,"Sales professional, IT",Naval architect,Hughes-Hernandez,1626f618-a21e-4856-ad1e-e354ff92e6cf,2024-01-18 01:01:00,"85786 Preston Corners Apt. 457
South Aaron, MA 34779",project,cold
5ae7db75-d944-425b-9413-3a5163c6b94d,Michael Sanchez,Christine,Carter,Shelby,"857 Trujillo Centers Apt. 781
Kennethburgh, UT 71712","563 Deborah Mills Suite 879
Yoderland, WV 20366",Joyceburgh,Barbados,2001-07-14 00:00:00,001-285-402-2499x40703,bparrish@example.com,Petersonside,Utah,Sudan,Audiological scientist,Product/process development scientist,"Burke, Cooper and Moreno",70546c28-aa47-4785-8a66-81b0a2cfcc35,2024-01-18 01:01:00,"17816 Hall Heights
Andreaborough, KY 48012",type,standard
3140acfd-55f4-4a92-8b55-aafea389ea27,Alexander Yates,Jeanne,Hester,John,"PSC 0054, Box 4609
APO AP 36207","41443 Bridges Island
Samuelfort, IN 28480",Port Kellyhaven,Yemen,2021-01-18 00:00:00,001-919-546-3641x750,lindseyhill@example.org,New Anne,Mississippi,Latvia,"Doctor, hospital","Physicist, medical",Becker Ltd,cba0e7ac-73b6-4f8d-9520-a57e8babfd8c,2024-01-18 01:01:00,"791 Janice Center Suite 089
East Bethmouth, AS 95305",first,another
14c7024f-e543-47a6-9247-d820c57b8bf8,Mr. Lee Miller,Amanda,Miller,Robin,"401 Sullivan Circles
South Robert, AS 81741","3481 Nicholas Trail
Michaelfurt, PR 90467",North Sheila,Chad,1959-04-04 00:00:00,+1-802-664-5932x8367,fmurray@example.net,West Claudia,South Carolina,Vanuatu,Printmaker,"Surveyor, building",Elliott and Sons,0dfd9213-9e44-46e6-94ab-486f8594a271,2024-01-18 01:01:00,"945 Ryan Fords
Williamstown, AK 79169",cause,staff
1214467f-4300-4612-aca0-f2a7c8c1242d,Daniel Roberts,Christopher,Bradley,Brianna,"46446 Castillo Run
Thompsonshire, MN 86797","27133 Stephanie Avenue
Thomaston, GA 95783",South John,Falkland Islands (Malvinas),1918-05-20 00:00:00,266.269.8613x1562,cruzdarius@example.com,Kellyfort,Oklahoma,Venezuela,Tour manager,Advertising copywriter,Weeks Group,ba73791d-69de-4ad4-9741-64606b1dfd92,2024-01-18 01:01:00,"486 Duncan Run Apt. 429
Port Nathaniel, KS 94801",current,relate
14cb0fa0-9f47-4a5d-89e8-3e8267facfd9,Joanna Hamilton,Colin,Reid,Kelly,"9373 Bartlett Track Suite 854
Michaelport, VA 64666","188 Linda Hollow
South Sandy, AK 24013",East Saramouth,Equatorial Guinea,1910-05-26 00:00:00,6948315708,darrenrodriguez@example.net,East Stevenburgh,Louisiana,Bolivia,Colour technologist,Community pharmacist,Ward-Williams,87813038-2d70-4e0c-ad6c-977c10aede20,2024-01-18 01:01:00,"0359 Diaz Tunnel Suite 915
Leeshire, IN 09958",few,also
f8c3d1b3-a0d8-4557-a271-2bad312c0f5e,Melissa Mayo,Rebecca,Cummings,Stephanie,"5445 Ashley Fall Suite 469
Lake Margaret, KY 23908","005 Cruz Rest Suite 377
Phillipmouth, NY 64606",Bethanytown,Reunion,1936-08-29 00:00:00,7645412993,smithmackenzie@example.com,North Vickie,Michigan,Morocco,"Engineer, biomedical",Scientific laboratory technician,Liu Ltd,dd4a3d37-bbe1-4558-a332-59b1fb51ec23,2024-01-18 01:01:00,"40014 Todd Wall
North Laurentown, MS 36973",to,benefit
