ID_Usuario,ID_Tipo_Documento,Licencia,Nombres_Usuario,Apellidos_Usuario,Nombre_Estado,User_Name,Password_Usuario,Email,Movil
dRtgciKSnF,997,rhIfxsWtxD,Javier,Brennan,quite,kevans,fdde2fa3c999472da7dab3b4f9b5bbaadd804fc0863dc6ba8450ce248e26c505,salasantonio@example.net,(278)664-6458
evWUfrFBgS,927,vKyRHemYMc,Jennifer,Cruz,performance,christopherdean,7a208f432b589d265fdaf1ccf4eb1bb9ba0424d7c47a71af823f337db2cd7ad8,sharonyoung@example.org,(591)415-8492x38764
wryHgABgoj,995,UpthfTRvrY,Michael,Conner,movie,christinacooper,8932d4425db23529477d3c0680a9f352c73ba889c8dc792566601ee356354e3f,garciajerry@example.net,591-315-1217x11296
nulxpNoCvp,140,itnysmHhqy,Kendra,Owens,according,xbrown,efae31eeafcf4f7ede45513c00e3e62914099b1de0ef9774c225728f59fecbcc,michelleholden@example.org,663.762.7820x30940
jXQlMAHdfR,813,dLQFYrfZXo,Emily,Freeman,manage,ortegamaria,ff98b57dc2b1171e8d9ad8ac764766508775f63aa66fc4369430a79d35df3004,george89@example.net,854-240-8413
EurbmUrpty,166,XvcyJcjJKY,Kathleen,Watkins,book,gibsoncraig,4fe53e90b85a125bf1a53499cb7da2a5e9bd88ee94e5c2acd221e6ac0870fb52,leekevin@example.com,+1-745-973-5969x381
JNbZNNicxH,649,sJzByQCzqO,Matthew,Sharp,although,ballison,2e7f3b682a4b0c3989343142287b3ea85cab1d08bc2e15eba1bc3b79b31ef9d2,greentasha@example.com,+1-584-264-8147x60951
iPBUjXdNdl,861,VwIGQUoPUP,Laura,Lopez,risk,matthewthomas,580788ff876f6e02ec5b67594c9dac9cbe39603b614d3219e01ec7f2b26021d7,aroman@example.com,(350)616-7893x921
wjkVbZqoEH,611,fnfacPujpu,Shawn,Bell,form,adamsjason,0e339fd419b187a0a2935d60cd109c58e26c89326fa0c1ac7148810caf8cb6b2,kyleescobar@example.net,(848)666-7897x82711
ATBeRUFrhJ,978,pAoKqiwFSf,Tonya,Rodgers,station,epineda,1fcb5e0693b7f487799ea0e795243fb801a4c1e2dab6c042caae3fa2c797d556,whitealan@example.net,914-806-2093
xymOhBUEyc,238,zDSPhMOuur,Kimberly,Walker,none,yblackwell,48d23ee18d0f3bde5b635d1ae5db08dd11a53b4a1f9d94ae8067adaf469365c3,corey87@example.net,+1-923-683-1870x572
CROJVozKeZ,275,RlOtrQUSHi,John,Hicks,then,omedina,e525ca922ff9a10c7a1d7aac4a722a87a7edf507d3bf1577432a9d5295093af1,kennedybarbara@example.net,001-331-213-1640x45557
FZOWjjsqAL,678,dnLPkHuvpA,John,Little,pick,marshallchristie,89f45222f8434ae6e81af295d77bed516fcf913efefef4770dbfa518420b40e0,gravesgabriela@example.com,5354817677
fSfgwDZpIi,159,qpIehpOqqm,Michelle,Campbell,expect,shawndavenport,808299c916a59c487d10a520b571956f2a256fb77394e5b78f4ecf965fd5099d,michelle42@example.net,(882)769-6780
UMvZhexlpD,226,NBnriImDly,Jane,Brown,suggest,contrerasamanda,63538759c0ad9c5d1c7fbe9ac425eeb3a3f51e75a8bf0acefda887712e2d3fd5,wadejoan@example.com,461-712-1875
DHnAfemNMw,386,kotIkBlaSg,Michael,Kelly,return,joshua45,bf2348657c26848d03f25d37dcb9ab8c48ad3cf5bfea7329dc53ba481c82f794,millerrobert@example.com,761-628-3899
uTCZBgfKzB,467,wGVcGKPDml,Christopher,Robinson,save,justin79,4367eb82c1751b8dd9628a7bea2746727ba9b6b810399f6961fd3e41eedeb99b,keith86@example.com,625-485-4020
BPGcTWFmpf,999,cJiSzeWyBS,Sarah,Stone,strong,hamiltoneugene,2f609f39b530204fa048ea034760ae23456bb7284710c7d13a7f97a049e5d2aa,swright@example.net,954-776-4177x1110
JsGPByAmCW,400,ISnFZZEWOF,Brenda,Green,wait,sophiahopkins,fafc654591d24be97859ad5e32d28a9186a99367caac2c95ac9ea3cc15eabd36,francoedwin@example.net,(847)243-8384
cHKgaIJUkA,678,GTPmeNkhxD,Amy,Davis,list,sharris,38f788def4db440ae5e6ca776b8d16792ed8da106d9036394ee7ee32d560cc67,joshua93@example.org,5806371579
ivGHtOChBt,920,UyzOvHGPjG,Corey,Castillo,of,christopherespinoza,50ca6785fe0ca971b1df2d2a6322d96b8e1282a27fcf11e60ddb268ed956d7d0,fmeza@example.org,518.702.2459
bNQfLFMJHx,611,NZspnTsUak,Michael,Graham,base,bevans,95107acebff2c4d240ad8fa777a543edcb660c89c88bd695a6da4bcf334113be,lopezkeith@example.net,379-257-4903x61073
bmiNZnLGwx,412,KKKqdVSaso,Stephanie,Rhodes,pick,ddonovan,e7a339b652db87d3e5f8baf4b19080f127ab65393c7144dc887453a85dbe2455,jesusjohnson@example.net,374-441-7341x2989
uqRYMRYnaY,670,TwuonTUuKp,Vanessa,Chase,bit,robertamartin,a325396a0c8e32ca3f239a7d51c136f01d37478ecddf10e3af4ecab3981e059b,taylorbrian@example.org,(347)272-8251x8563
uCZXokdqSP,151,DOQbCCEGbj,Melissa,Williams,industry,shawn61,a4257ecec53e13d1e392d98766aab8c53fee35061169d46f1a55141e168d2165,lawsonmeghan@example.com,546.567.0866x74198
esMKaXczGW,189,gQqjPPbMzZ,Yolanda,Elliott,hotel,shanecruz,a019e39ee0fbab6111cef776dfbb8015b3cb3a7346b141ae1d3da14d4fdb73b8,julie02@example.com,9415911649
mzoYSpkWTV,282,eankChfmYf,Linda,Walker,poor,ashley02,8ec9895610b381c296ca4ec603295721ce48b4713426bf87c3124119be9784aa,travisbrian@example.org,381-435-0779x75855
seVUmctTsw,485,fbToCLptoM,Molly,Higgins,brother,kmorris,682e381c6992d6b525b05d3308f23dfc7a7b827a6b2506ac38fa9101f9da6b9f,dwells@example.org,677-698-1194
HhEdutLCCg,387,bdrrCKwXYx,Thomas,Schmidt,total,taylordavid,a06a85bffbc7c67441b7b9972157962ce585c648fe8bbbf1caa07e9d532a6bb7,omontgomery@example.org,331-871-2760
yMaRlIXemY,350,wwSobFpnSL,Noah,Gutierrez,early,warneraaron,766f6e8fbeaaf235409e1280d74818ed024e79c5049096a5b90e0d8cb80c75ed,scott48@example.org,001-396-229-5934x6296
kIBPCrnfno,847,XoDLwbLKXb,Caleb,Meyer,on,cheryl13,f8eea7c3a1b38639fa8509945a7d8d9af03aa8470910460cc5be176c0de197ff,bentleywanda@example.net,581-228-0825x3566
iHrCJrkbtC,542,WMWOdoXcYM,Frank,Bryan,protect,floresjamie,8a0a1c901ec9bd226d568e142c5eca0b396140ebdfd371bad22df980837c53e7,jeffery34@example.com,330-612-1487x99563
lypVPnTpFo,709,fpypuqlAcx,Robert,Freeman,chance,vegasteven,3426c352d19075100534784f2abfd1beb9d15b5505de2bfcfbe3d01aa11d7250,hduncan@example.org,001-492-531-1928
XMMwDlhdIA,136,YAmzJmfMit,Robert,Acosta,run,rjordan,6a1f4515bc9f355c916a192397a604f40aa8633aa4a3afbd4ee558b706b38bff,muellerpeter@example.org,602.874.9590x7498
cIUOmmAQyp,939,CBYcNSoWYh,Wanda,Johnson,sing,dlawson,f2581092f7a0788c6ee6bfce07cd02275ff11ed965d6e359a5b623120f237de7,cobbdaniel@example.net,(526)810-7414x42681
eWNVVfLUIR,069,xLTMgaKfEr,Tony,Swanson,population,heather29,00f044d91e0b2b6756d0cdd9828d2726fc931e01d18c96dfa8752f73415d5e6f,youngjeffrey@example.net,879.424.4963
wWqHbbecml,934,KATrgtiEIy,Sean,Lawrence,nice,christine08,108c931148d578cf80c3596c6575a74865d60110891c93c0d82e867be7795d09,carlakelly@example.com,6477194220
AQMGyjQtbC,543,aOAyxxhTYr,Eddie,Arnold,note,williamsandrea,06b7d2633dc8f957607ed134c42337c80dc0464ace956a5bb5fb481668f3561c,jennifer25@example.org,337.270.8088
SwNvJoAaMl,653,bZXTNnpTFX,Bryan,Young,so,harrisrachel,977732c08283fcc0c0ab81c397d7defafda3d1031006d4af56b1b5c08f8db482,timothy01@example.net,(435)280-7613x85730
tfzmhBuCSl,052,qQefGXfqto,Jason,Richards,glass,masongabriel,77cf5225ad7f3071fb80e5dcdc8cb20c8ef56062f717159cbfc9f54d7509da70,bryan94@example.org,+1-247-277-3786
ISJGTMzhJN,801,sUoVwbmJMm,Thomas,Shelton,when,tchen,e637e051d97cc0192a659fb9df1f5391c9ef24dfc0f3a0e8385c75e77e592da1,dbuck@example.com,(923)246-8921x9295
ZmPqQrwyDh,120,mwGBOUhXFQ,Laurie,Proctor,away,maciaspenny,4ab22f92b349b10c31a269a4ec8b5d61ccfb3e55222f98fd872d7314b172880e,brandonyoung@example.org,804-414-4625x440
oUdKlYVyjU,311,vYVeVzGClT,Zachary,Lopez,worry,gabriel98,807c5109656c63f185f9faf83479fc91764bc1e289e03e1661ee06f12c911983,connorknight@example.com,9705640654
dziTBvRQRA,416,pIoVGTxZEX,Robin,Ross,hair,crossjason,96ad9a9bc1289b58a09443ab3cf9ebcb82498a5dc869594f8a8b61d911c3a5a3,bhammond@example.org,649-529-7687x713
OeJESkmnwK,621,KHkBbntZzy,Justin,Thompson,more,esalazar,75640284ba352abad57cbfe586bf8e0e5cb840c618e13f370f211125ba8885e9,cardenasdavid@example.net,564.293.2988x581
aRKAInJGqm,252,qjdpEhoarO,Grace,Jordan,glass,zphillips,28002b69a9e8770229b13d448611336f73ec399ca53dec80162a685623509049,thomashill@example.net,(766)900-0645
FCLAfMoxce,954,UKlEcNnbah,John,Stewart,benefit,iquinn,d006406728cc27066c8dd25d8248dd727141563a439da038345940b77e8429d0,wayne29@example.org,299-542-1325x804
GLVFAPtvTn,285,zHNSpbVSRt,Scott,Weaver,senior,jeffrey58,790fe0e8f3395eb6317b21caa4c600b85adce9378482f9d802ddbe0a7702eb20,zjohnson@example.com,960.497.3438x4154
mmRbxeNDSd,337,BvFqJaEPSa,David,Patterson,half,lsilva,7601923fcb54d9745b6845ca0fbe98ed604f8bfe167eb7ac2a97dc2fdd344a38,joseelliott@example.org,+1-589-714-4723
YIiCGlmzgO,712,WYvJBwqQnc,Richard,Huerta,stand,mooreandrew,24ef86b48e20d79a3bc67723eb2ea6cf6ac97ea20eeb2064a9ace7bcb746e30c,amoody@example.net,(305)382-6576x6666
FhnwDyZFEl,120,rZzccpFUIV,Tara,Reed,song,jlucero,53c4dae49a8c99e1a586c83006a42a6d554bd1c2690eddad7c21acf092dcfbd6,mgraham@example.net,(231)882-8535x408
qFVqnmoCVc,994,NltcDWHANa,Rachel,Aguilar,standard,jillianbyrd,77e212f839d36c69f07a9e525b182c647051e173d9b7a1b5b878273c541db07f,harmonsarah@example.com,628.661.5066
lYRoAhmwwR,654,OQxOBRNOat,Michael,Davis,guy,alexis83,236cc0273f01e89188acdbd27c6f2d2c4e202edea278cfc7c4eb075ecad24057,wgomez@example.com,219-492-8229x8729
MxPVQMxzjZ,340,TKWddWEhCq,Vanessa,Stevenson,operation,colemanlouis,1eef2f0e2500f899e7a4326658e83f3de55bb469ec627956e39685544015395a,nataliemcclain@example.net,212-342-4388
idEajJBSzv,046,OOYWnTZQpi,James,Wallace,worker,simpsonkimberly,360cd0a5a5a37a40500cee22c828675218a2aab9b8ffd888409ebbe173996f46,kpitts@example.net,+1-606-580-4599
SRKTcJfzAr,951,yvytFCMTuz,Kevin,Tapia,popular,reneejoseph,32214a8ab662a0cf63530bb667e9c299d95d1c48f75d7fc5312a586cdfdb9902,kathy61@example.org,935-465-6419
DMJViaVGCH,160,qDSqUvTiwZ,Megan,Williams,charge,jennifer44,25c5ca86127b1b6de4ed9b9dff12a8d2b696a6d8ed304adc9d2269386178d02b,hendersonbrianna@example.org,+1-656-392-7174x6230
sNCcTXvbVu,487,uxoCOFzOLk,Dylan,Burns,same,lweaver,2caf43c890555df9118d9eecf36dd1c73c4235c3e57312dbdd438cde93a2fa06,david96@example.net,4972277000
hqsVyZktVF,980,dMIxBrbEEj,Angela,Li,act,jimmy49,aef3fdc0d0a44cbece395955f86e07f48581c73ded25411e425736747a5a78f3,johnsonpeggy@example.net,256-341-4080
jsnVhtjMvn,032,EDfTFOUyHA,Cindy,Adams,tonight,hsmith,acc1604ba092817c0bf3b74585b66b07c9b5b709ed57c0fbf3bc2afe1847e5fb,david87@example.com,+1-260-908-1277
XdgNIkxNVU,073,hWqplSJbVU,Kenneth,Hicks,movement,whernandez,8c90e4b10790c46d53c5c910a052d8774eaeb922246e6e501dbe3091b31f5fb2,johnsonrobert@example.com,+1-359-441-5637x069
YagWoFeibw,642,hMfBpUFdip,Rebecca,Ryan,class,millerjoseph,d4196e97eeaff1a6e0b7756e5ee851301674c8e34e7ac741cbec99c53e1cccf3,dakota36@example.org,827-239-6650x6043
IcONrdQQiA,855,WQybseRqnZ,Gavin,Cisneros,cultural,brivera,21b0459c56bf70660c67c5951398a5a4691899b964a7b2c8576762310b37cfe2,xcooke@example.com,643-839-4803
ylxvxNouca,268,cdygOhqsRa,Edward,Sloan,growth,petersonamy,d2b8f01227332f5c7b4679fbee63a0b47625f0c27ad4603669e9ddcb54b50071,athornton@example.org,001-373-327-3792x08355
Drbdhqfvoi,917,hfbbfvPmjV,Nicholas,Ruiz,final,candacewalters,e28560c15c85b84320209ff0ef89a335480b2eff98eb33f804499fb7d36ab72a,ujames@example.com,+1-228-749-6168
kTmBEOxsmB,823,RJxLXoKgWF,Alexander,Schmidt,mouth,hburton,f68c8325b682a22c3dd9e71c5dd72523440fb2fab10db86a1b5704090715b792,mcdonaldchristopher@example.net,242.926.9684
ggztKCauni,663,KhDoGszxFI,Stephanie,Hickman,step,raymond45,bd660018863f4cc8058edc9c24c4c73be0efbe23d7f127704632a1e0bfe64442,jrussell@example.net,(889)764-2033
gaXfbnwazm,227,RZHXyrlMrD,Patricia,Patterson,my,cwolf,01052452dc09f0bc0c4c28d86e8c3c36188a838cd276a0b0061ef162a3b2dbb5,johnwilliamson@example.org,(606)393-4249
IBPhCCdQTF,490,pxhUoOabaf,John,Atkinson,popular,zharris,4f5c19d4e9839a0ffe811c48372a4551743295cc2016403a36421265aa663064,velezmorgan@example.com,(657)410-5692x2203
qlYGaOQfkd,918,gnXriruNaF,Matthew,Johnson,ready,dana39,88eee735e5a5d62c13491c93b512085cc61269b4c1a7d1ab9e6f4f461beb67ea,smithcharles@example.org,6899599279
wCVgmPdaHS,438,tsCpqdmCPH,Stephanie,Lee,alone,bdennis,b0d9d487f15d094b5a8a853e646106868b884dff166508159d872b406543c990,stephaniedavis@example.com,+1-867-403-6018
ahPsmmGwlO,772,FZsxyoDumD,Darrell,Day,age,sullivananita,dcbc7c364354643286cfb2d279ad3860ca07ad6253170ad3734ff7e2c8779f5b,huangrobert@example.net,826-575-8337
tmcoigVEgB,747,iQizfgDNgB,Kayla,Gould,enough,osmith,4d24af3f90d7edc19399f7fdc8a4abc2f24fb51752d6a03343550fb193a41d60,cory83@example.net,+1-645-755-1122
OnvKkbEWMv,797,ZAsxNygEkI,Jeremy,Hill,paper,kaitlin25,1974083910e1b4225d59fbc3a8e08e9719065d2b625ab61fd40c9f41ab93b077,fkelly@example.org,(737)601-7448
KEpNVIshoP,146,wkMpOozPkC,Vicki,Guzman,high,dpugh,db2016b9550f83f6416961a15c172c90bd16175132b3af0bb037b52cd9b435e6,johnsondouglas@example.org,632-834-3343x946
UqGjqHqWUr,761,WalFAFioBD,Kenneth,Mccarty,line,vbriggs,6aaf67930bb1447f58f9056840bdf031425a1de37d5cf7f55b50275379515374,halldavid@example.org,419.359.4031
uwpMCpqwPi,477,hFoJhtdqlk,Sarah,Wright,still,tina22,dcd4fc1e515b8e3a89817b7c93f49969f53b6f73e7aa37a4db81ef7599d36a3c,katierojas@example.org,5519014604
hDWmXtJxid,162,uXuVpucqHz,Leonard,Walker,section,julie02,9482db04f79948d9baffecead209ac6d622cb147e1e52f8e89cc313c9131416d,hughesalexandria@example.com,738.691.6151
IXuaiWfbhf,138,nKavmeMLOC,Patricia,Peters,dark,courtneylee,8881dbdbd1ce3c5eee68beb32c83da000a88bd268e829a310b7b8fd77a83f364,elizabethrhodes@example.org,7415654680
zokHdaGEcD,620,ExiZlGDDmq,Jessica,Harris,son,jerrynash,79fb2e2835de55e37526d6b8b08f65a29f257beddd17cf5b692f6f81df3d7685,cduncan@example.org,(390)767-6465x900
hAqNPRViLH,093,kkpoewVGto,Joshua,Thomas,single,smithamanda,c308aa5a264507ea2e4a4b79be81091652870cdf953f525ff136ec29c3776cf2,annettewilson@example.net,8452168322
EWBisFKiYq,228,zfHJNPagzv,Sarah,Nguyen,standard,michelledavis,00a235d61040ca4994f6498eddce9b7b7f8aa47d53fe9fbdd795258479ccd5a7,sloanjoseph@example.com,001-807-262-6526x5943
bSPeeNYRBA,768,WQcXtvLEWd,Stacy,Hill,according,gravesmelissa,b38dc3e17bd35a4cb3ba0b76c52f3e5df22bf6077ef5e60b89dfca41e4cdc14f,vbarron@example.org,(905)620-9728
YyypwNrWyC,724,CGSmVBtPcG,Carolyn,Hansen,fund,katherine24,7854098b261d00f5d0b7b6edac7486c66e0d41b08e28b70530c3378c83d4ac2e,brian87@example.org,383-414-1522
qaYdNWFZrb,359,djfEHrVnNz,Mark,Long,charge,gallaghertammy,d9bae9dc32cd95e2a7c05200b0dfdadf93ca163f1596bc9df8935b4791560275,gregorycurtis@example.com,428.935.2135
yjlnRyVyXP,067,PnaMFPNpij,Scott,Padilla,significant,schaeferjuan,5b18e4c77d9895ec3abfdd5afa16a5ab3fcc21cb627a9284c4dcea2e60612b0a,benjamin25@example.net,(684)775-5244x0500
qSDapwApLo,297,jEErPiaVda,Tyler,Campbell,save,kellyvanessa,462ca779b61d8b2a690dae2d84a9df114d5564435d0dae499cc4b911589b721c,bprice@example.org,(714)633-1351x1430
wqPPAfivda,025,xEdjaogSCN,Lori,Mcdowell,you,kevinbonilla,978f2c07e303fe478b206507ae915e6009479ebb4831013e187a841e43df9792,camposrichard@example.net,001-427-511-8595x42855
MCcWfROdCF,410,JAWZkwPvMb,Savannah,Adkins,like,gonzaleztrevor,5306aa829b1cbd0328a6e447af3e75fa5130ef5e920ca105bb28d6398e81960b,jessicarojas@example.com,+1-647-991-0121x954
nDZMYasSCY,200,LRFyRTsyvv,Regina,Graves,out,jacksonjoyce,231d76c943605e7840b781880ac6a340182e0d474abbfe064a55905d7ac7a3df,bvelazquez@example.net,449-261-1072
TEzTNoVEzA,813,IjUhxMqTKQ,Jonathan,Eaton,cell,melanie77,c7d2029886d6fbac8c50a507410c2fc6a3a07ec6c963defe1c9a98b55b3b45d5,cgibson@example.net,5549880828
UhKtOMgcEc,868,ycMdabyqZc,John,Lowe,prepare,millerphilip,8f8d3a53d5d1603ea22e05cc70d0df909b50b81e21040aa2a4de526e9f1f30ab,alexis32@example.org,+1-557-343-5928
UfaBOxLWIG,447,ClWwELaSVd,Rachel,Carey,learn,nicholas86,83fef8a89e8de837f4fcbe2b78a286288dd90566fb2616c4cfc9f8c5ef128a88,cynthia90@example.com,(353)514-6141x9310
nWChykytWy,454,wKZliOyhCx,Daniel,Ray,white,zacharyriley,8a563f6ea7a0a3d8beb6bb7a6bb5daa223e5e4754fa1c318eb823efea32a820e,hannahray@example.net,314-960-8745x9368
ErVNgHEoMK,767,sgWcoMmiMF,Christopher,White,single,charlotte25,0bb5178f8a2cd596a7324ab0dde89bbc770e1110a44bde3be4474fd5df417f3a,bfletcher@example.com,+1-903-678-2854x5351
GQreHRFSPq,629,SFvKAVGJpZ,Joseph,Davis,project,tfischer,b2a5c4e612c4a0809870579c5444866d515a0e8433481ccf5629fdc15897c062,brandichavez@example.net,001-938-582-3234
qdSnxnakqJ,750,yzoGopTdMD,Angelica,Thomas,magazine,rosalesnancy,e2990a5fa1e99ca984306b7924bf0bd4a9950d3fd58ad0e148138231bb5b45e0,lisa43@example.net,(905)654-4847x83902
bVTEOSPJSf,409,JiLhiMyaaG,Jason,Gibbs,measure,vincent50,9f8f0d63e547247d78a34a306e3ed9df3e863eba225b28bdbf5fed831a8aa2b4,ibell@example.org,+1-651-379-2562x4468
pojHEBRhsG,192,oAEbPECBcZ,Donna,Diaz,century,wintersdustin,92710be6a12449264b48a7baea72b41947f6c8458983dfd97a703e40b7cae464,matthew82@example.net,777-266-1043
XBNkVoyqjO,848,CqAJznYxWV,Christopher,Griffin,artist,levi26,0c5f36f8763768d19e972c589b1061e62e857d48cc7d04a57174452868d6c3fe,kimblackwell@example.net,818.926.1635
